date,sleepHours,mood,headache,memoryLapses,stress,exerciseMins,notes
2025-08-10,6,3,2,1,3,2,hydration low
2025-08-11,8,4,4,1,3,19,mild fatigue
2025-08-12,6,1,1,1,3,49,light headache
2025-08-13,7,1,2,1,5,16,
2025-08-14,6,4,2,1,6,24,
2025-08-15,8,3,0,0,1,0,hydration low
2025-08-16,7,3,1,0,7,17,light headache
2025-08-17,7,4,1,0,3,27,slept late
2025-08-18,6,1,5,1,2,17,busy day
2025-08-19,4,5,1,0,2,6,light headache
2025-08-20,9,4,3,0,8,33,hydration low
2025-08-21,7,2,1,0,5,11,slept late
2025-08-22,8,4,0,0,1,28,slept late
2025-08-23,7,5,2,0,4,22,felt focused
